game_id,season,week,home,line,outcome,model_win,model_push,model_loss
2015_01_PIT_NE,2015,1,True,-7.5,win,0.6967184801381693,0.0,0.3032815198618307
2015_01_NO_ARI,2015,1,False,2.0,loss,0.6867012089810017,0.02521588946459413,0.28808290155440414
2015_01_MIN_SF,2015,1,True,2.5,win,0.6683937823834197,0.0,0.33160621761658027
2015_02_NE_BUF,2015,2,False,2.0,win,0.6867012089810017,0.02521588946459413,0.28808290155440414
2015_02_ARI_CHI,2015,2,True,2.0,loss,0.6683937823834197,0.028324697754749568,0.3032815198618307
2015_02_DET_MIN,2015,2,False,2.5,loss,0.6867012089810017,0.0,0.31329879101899827
2015_02_ATL_NYG,2015,2,False,2.0,win,0.6867012089810017,0.02521588946459413,0.28808290155440414
2015_03_CIN_BAL,2015,3,False,2.5,win,0.6867012089810017,0.0,0.31329879101899827
2015_03_SD_MIN,2015,3,False,2.5,loss,0.6867012089810017,0.0,0.31329879101899827
2015_03_PIT_STL,2015,3,False,1.5,win,0.6867012089810017,0.0,0.31329879101899827
2015_04_NYJ_MIA,2015,4,True,2.5,loss,0.6683937823834197,0.0,0.33160621761658027
2015_04_GB_SF,2015,4,False,-7.5,win,0.7119170984455958,0.0,0.2880829015544042
2015_05_WAS_ATL,2015,5,True,-7.5,win,0.6967184801381693,0.0,0.3032815198618307
2015_05_STL_GB,2015,5,True,-8.5,win,0.6967184801381693,0.0,0.3032815198618307
2015_05_NE_DAL,2015,5,False,-8.0,win,0.6867012089810017,0.02521588946459413,0.28808290155440414
2015_05_SF_NYG,2015,5,True,-7.5,win,0.6967184801381693,0.0,0.3032815198618307
2015_06_HOU_JAX,2015,6,False,2.5,win,0.6867012089810017,0.0,0.31329879101899827
2015_06_WAS_NYJ,2015,6,True,-7.5,win,0.6967184801381693,0.0,0.3032815198618307
2015_06_MIA_TEN,2015,6,False,2.5,win,0.6867012089810017,0.0,0.31329879101899827
2015_06_BAL_SF,2015,6,True,2.5,win,0.6683937823834197,0.0,0.33160621761658027
2015_06_NE_IND,2015,6,False,-8.0,win,0.6867012089810017,0.02521588946459413,0.28808290155440414
2015_08_MIA_NE,2015,8,True,-8.0,win,0.6683937823834197,0.028324697754749568,0.3032815198618307
2015_08_TB_ATL,2015,8,True,-8.0,loss,0.6683937823834197,0.028324697754749568,0.3032815198618307
2015_08_SF_STL,2015,8,True,-8.0,win,0.6683937823834197,0.028324697754749568,0.3032815198618307
2015_08_GB_DEN,2015,8,True,2.5,win,0.6683937823834197,0.0,0.33160621761658027
2015_09_GB_CAR,2015,9,True,2.0,win,0.6683937823834197,0.028324697754749568,0.3032815198618307
2015_09_STL_MIN,2015,9,False,2.0,win,0.6867012089810017,0.02521588946459413,0.28808290155440414
2015_09_JAX_NYJ,2015,9,True,-7.5,win,0.6967184801381693,0.0,0.3032815198618307
2015_09_NYG_TB,2015,9,True,1.5,loss,0.6683937823834197,0.0,0.33160621761658027
2015_10_BUF_NYJ,2015,10,False,2.5,win,0.6867012089810017,0.0,0.31329879101899827
2015_10_CHI_STL,2015,10,True,-7.5,loss,0.6967184801381693,0.0,0.3032815198618307
2015_11_DEN_CHI,2015,11,True,2.5,win,0.6683937823834197,0.0,0.33160621761658027
2015_11_OAK_DET,2015,11,True,2.0,win,0.6683937823834197,0.028324697754749568,0.3032815198618307
2015_11_DAL_MIA,2015,11,True,2.5,loss,0.6683937823834197,0.0,0.33160621761658027
2015_12_CHI_GB,2015,12,True,-7.5,loss,0.6967184801381693,0.0,0.3032815198618307
2015_12_MIN_ATL,2015,12,False,2.0,win,0.6867012089810017,0.02521588946459413,0.28808290155440414
2015_12_ARI_SF,2015,12,False,-7.5,win,0.7119170984455958,0.0,0.2880829015544042
2015_12_NE_DEN,2015,12,True,2.5,win,0.6683937823834197,0.0,0.33160621761658027
2015_13_GB_DET,2015,13,True,2.5,win,0.6683937823834197,0.0,0.33160621761658027
2015_13_CIN_CLE,2015,13,False,-7.5,win,0.7119170984455958,0.0,0.2880829015544042
2015_13_SEA_MIN,2015,13,True,2.5,loss,0.6683937823834197,0.0,0.33160621761658027
2015_13_NYJ_NYG,2015,13,True,2.0,win,0.6683937823834197,0.028324697754749568,0.3032815198618307
2015_13_DAL_WAS,2015,13,False,2.0,win,0.6867012089810017,0.02521588946459413,0.28808290155440414
2015_14_ATL_CAR,2015,14,True,-8.5,win,0.6967184801381693,0.0,0.3032815198618307
2015_14_SF_CLE,2015,14,False,2.5,loss,0.6867012089810017,0.0,0.31329879101899827
2015_14_TEN_NYJ,2015,14,True,-8.0,win,0.6683937823834197,0.028324697754749568,0.3032815198618307
2015_14_NYG_MIA,2015,14,True,2.5,win,0.6683937823834197,0.0,0.33160621761658027
2015_15_HOU_IND,2015,15,False,2.5,win,0.6867012089810017,0.0,0.31329879101899827
2015_15_ATL_JAX,2015,15,False,2.0,win,0.6867012089810017,0.02521588946459413,0.28808290155440414
2015_15_BUF_WAS,2015,15,True,2.5,win,0.6683937823834197,0.0,0.33160621761658027
2015_15_DEN_PIT,2015,15,True,-7.5,win,0.6967184801381693,0.0,0.3032815198618307
2015_15_DET_NO,2015,15,False,2.5,win,0.6867012089810017,0.0,0.31329879101899827
2015_16_SF_DET,2015,16,True,-8.5,win,0.6967184801381693,0.0,0.3032815198618307
2015_16_IND_MIA,2015,16,False,2.5,win,0.6867012089810017,0.0,0.31329879101899827
2015_16_NE_NYJ,2015,16,True,2.5,win,0.6683937823834197,0.0,0.33160621761658027
2015_16_JAX_NO,2015,16,False,2.5,loss,0.6867012089810017,0.0,0.31329879101899827
2015_17_NYJ_BUF,2015,17,True,2.5,win,0.6683937823834197,0.0,0.33160621761658027
2015_17_DET_CHI,2015,17,True,2.5,win,0.6683937823834197,0.0,0.33160621761658027
2016_01_TB_ATL,2016,1,False,2.5,win,0.6867012089810017,0.0,0.31329879101899827
2016_01_OAK_NO,2016,1,False,2.5,win,0.6867012089810017,0.0,0.31329879101899827
2016_01_MIN_TEN,2016,1,True,2.5,loss,0.6683937823834197,0.0,0.33160621761658027
2016_01_DET_IND,2016,1,False,2.5,win,0.6867012089810017,0.0,0.31329879101899827
2016_01_PIT_WAS,2016,1,True,2.5,loss,0.6683937823834197,0.0,0.33160621761658027
2016_01_LA_SF,2016,1,True,2.5,win,0.6683937823834197,0.0,0.33160621761658027
2016_02_NYJ_BUF,2016,2,False,1.5,win,0.6867012089810017,0.0,0.31329879101899827
2016_02_TB_ARI,2016,2,True,-7.5,win,0.6967184801381693,0.0,0.3032815198618307
2016_02_GB_MIN,2016,2,True,1.5,win,0.6683937823834197,0.0,0.33160621761658027
2016_03_OAK_TEN,2016,3,True,1.5,win,0.6683937823834197,0.0,0.33160621761658027
2016_03_SD_IND,2016,3,False,1.5,win,0.6867012089810017,0.0,0.31329879101899827
2016_03_ATL_NO,2016,3,False,2.5,win,0.6867012089810017,0.0,0.31329879101899827
2016_04_MIA_CIN,2016,4,True,-7.5,win,0.6967184801381693,0.0,0.3032815198618307
2016_04_CAR_ATL,2016,4,True,2.5,win,0.6683937823834197,0.0,0.33160621761658027
2016_04_CLE_WAS,2016,4,True,-7.5,win,0.6967184801381693,0.0,0.3032815198618307
2016_05_TEN_MIA,2016,5,False,2.5,win,0.6867012089810017,0.0,0.31329879101899827
2016_05_CIN_DAL,2016,5,True,2.5,win,0.6683937823834197,0.0,0.33160621761658027
2016_05_BUF_LA,2016,5,True,2.5,loss,0.6683937823834197,0.0,0.33160621761658027
2016_06_SF_BUF,2016,6,True,-7.5,win,0.6967184801381693,0.0,0.3032815198618307
2016_06_JAX_CHI,2016,6,False,2.5,win,0.6867012089810017,0.0,0.31329879101899827
2016_06_LA_DET,2016,6,False,2.5,win,0.6867012089810017,0.0,0.31329879101899827
2016_06_PIT_MIA,2016,6,False,-7.5,loss,0.7119170984455958,0.0,0.2880829015544042
2016_06_CIN_NE,2016,6,True,-7.5,win,0.6967184801381693,0.0,0.3032815198618307
2016_06_CAR_NO,2016,6,True,2.5,win,0.6683937823834197,0.0,0.33160621761658027
2016_06_CLE_TEN,2016,6,True,-7.5,win,0.6967184801381693,0.0,0.3032815198618307
2016_06_NYJ_ARI,2016,6,True,-7.5,win,0.6967184801381693,0.0,0.3032815198618307
2016_07_CHI_GB,2016,7,True,-7.5,win,0.6967184801381693,0.0,0.3032815198618307
2016_07_OAK_JAX,2016,7,False,1.5,win,0.6867012089810017,0.0,0.31329879101899827
2016_07_BUF_MIA,2016,7,True,2.5,win,0.6683937823834197,0.0,0.33160621761658027
2016_07_BAL_NYJ,2016,7,False,2.0,push,0.6867012089810017,0.02521588946459413,0.28808290155440414
2016_07_MIN_PHI,2016,7,True,2.5,win,0.6683937823834197,0.0,0.33160621761658027
2016_07_NE_PIT,2016,7,False,-7.5,win,0.7119170984455958,0.0,0.2880829015544042
2016_07_SEA_ARI,2016,7,False,2.5,win,0.6867012089810017,0.0,0.31329879101899827
2016_07_HOU_DEN,2016,7,True,-8.5,win,0.6967184801381693,0.0,0.3032815198618307
2016_08_ARI_CAR,2016,8,False,2.5,loss,0.6867012089810017,0.0,0.31329879101899827
2016_08_NYJ_CLE,2016,8,True,2.5,win,0.6683937823834197,0.0,0.33160621761658027
2016_09_IND_GB,2016,9,True,-7.5,loss,0.6967184801381693,0.0,0.3032815198618307
2016_10_CLE_BAL,2016,10,True,-7.5,win,0.6967184801381693,0.0,0.3032815198618307
2016_10_ATL_PHI,2016,10,False,2.0,loss,0.6867012089810017,0.02521588946459413,0.28808290155440414
2016_10_CHI_TB,2016,10,True,2.5,win,0.6683937823834197,0.0,0.33160621761658027
2016_10_MIN_WAS,2016,10,False,2.5,win,0.6867012089810017,0.0,0.31329879101899827
2016_10_SEA_NE,2016,10,True,-7.5,loss,0.6967184801381693,0.0,0.3032815198618307
2016_11_BUF_CIN,2016,11,False,2.5,win,0.6867012089810017,0.0,0.31329879101899827
2016_11_PIT_CLE,2016,11,False,-8.0,win,0.6867012089810017,0.02521588946459413,0.28808290155440414
2016_11_ARI_MIN,2016,11,False,2.0,win,0.6867012089810017,0.02521588946459413,0.28808290155440414
2016_11_GB_WAS,2016,11,False,2.5,loss,0.6867012089810017,0.0,0.31329879101899827
2016_12_MIN_DET,2016,12,False,2.0,win,0.6867012089810017,0.02521588946459413,0.28808290155440414
2016_12_PIT_IND,2016,12,False,-8.0,win,0.6867012089810017,0.02521588946459413,0.28808290155440414
2016_12_JAX_BUF,2016,12,True,-8.5,win,0.6967184801381693,0.0,0.3032815198618307
2016_12_SD_HOU,2016,12,True,2.5,win,0.6683937823834197,0.0,0.33160621761658027
2016_12_LA_NO,2016,12,True,-7.5,win,0.6967184801381693,0.0,0.3032815198618307
2016_13_WAS_ARI,2016,13,False,2.5,win,0.6867012089810017,0.0,0.31329879101899827
2016_13_CAR_SEA,2016,13,True,-8.5,win,0.6967184801381693,0.0,0.3032815198618307
2016_14_CHI_DET,2016,14,True,-7.5,win,0.6967184801381693,0.0,0.3032815198618307
2016_14_ARI_MIA,2016,14,True,2.0,win,0.6683937823834197,0.028324697754749568,0.3032815198618307
2016_14_WAS_PHI,2016,14,True,1.5,win,0.6683937823834197,0.0,0.33160621761658027
2016_14_DEN_TEN,2016,14,False,2.0,win,0.6867012089810017,0.02521588946459413,0.28808290155440414
2016_14_NO_TB,2016,14,False,2.0,win,0.6867012089810017,0.02521588946459413,0.28808290155440414
2016_15_MIA_NYJ,2016,15,True,2.5,loss,0.6683937823834197,0.0,0.33160621761658027
2016_15_OAK_SD,2016,15,True,2.5,win,0.6683937823834197,0.0,0.33160621761658027
2016_16_NYG_PHI,2016,16,False,2.0,win,0.6867012089810017,0.02521588946459413,0.28808290155440414
2016_17_BAL_CIN,2016,17,True,2.5,win,0.6683937823834197,0.0,0.33160621761658027
2016_17_NE_MIA,2016,17,False,-7.5,win,0.7119170984455958,0.0,0.2880829015544042
2016_17_NO_ATL,2016,17,True,-7.5,win,0.6967184801381693,0.0,0.3032815198618307
2017_01_KC_NE,2017,1,True,-8.0,loss,0.6683937823834197,0.028324697754749568,0.3032815198618307
2017_01_BAL_CIN,2017,1,False,2.5,win,0.6867012089810017,0.0,0.31329879101899827
2017_01_ARI_DET,2017,1,True,2.5,win,0.6683937823834197,0.0,0.33160621761658027
2017_01_OAK_TEN,2017,1,False,2.5,win,0.6867012089810017,0.0,0.31329879101899827
2017_01_PHI_WAS,2017,1,True,2.0,loss,0.6683937823834197,0.028324697754749568,0.3032815198618307
2017_01_SEA_GB,2017,1,False,2.5,win,0.6867012089810017,0.0,0.31329879101899827
2017_02_CLE_BAL,2017,2,True,-7.5,win,0.6967184801381693,0.0,0.3032815198618307
2017_02_MIN_PIT,2017,2,True,-8.5,win,0.6967184801381693,0.0,0.3032815198618307
2017_02_DAL_DEN,2017,2,True,2.5,win,0.6683937823834197,0.0,0.33160621761658027
2017_03_SEA_TEN,2017,3,False,2.0,win,0.6867012089810017,0.02521588946459413,0.28808290155440414
2017_04_CHI_GB,2017,4,True,-7.5,win,0.6967184801381693,0.0,0.3032815198618307
2017_04_BUF_ATL,2017,4,True,-8.0,loss,0.6683937823834197,0.028324697754749568,0.3032815198618307
2017_04_TEN_HOU,2017,4,True,2.5,win,0.6683937823834197,0.0,0.33160621761658027
2017_04_DET_MIN,2017,4,False,2.5,win,0.6867012089810017,0.0,0.31329879101899827
2017_04_PHI_LAC,2017,4,False,1.5,win,0.6867012089810017,0.0,0.31329879101899827
2017_04_NYG_TB,2017,4,False,2.5,win,0.6867012089810017,0.0,0.31329879101899827
2017_05_NYJ_CLE,2017,5,True,1.5,win,0.6683937823834197,0.0,0.33160621761658027
2017_05_CAR_DET,2017,5,False,2.0,win,0.6867012089810017,0.02521588946459413,0.28808290155440414
2017_05_JAX_PIT,2017,5,True,-7.5,loss,0.6967184801381693,0.0,0.3032815198618307
2017_05_SEA_LA,2017,5,False,2.0,win,0.6867012089810017,0.02521588946459413,0.28808290155440414
2017_05_GB_DAL,2017,5,False,2.5,win,0.6867012089810017,0.0,0.31329879101899827
2017_05_KC_HOU,2017,5,True,2.0,push,0.6683937823834197,0.028324697754749568,0.3032815198618307
2017_06_CLE_HOU,2017,6,True,-7.5,win,0.6967184801381693,0.0,0.3032815198618307
2017_06_TB_ARI,2017,6,True,2.5,win,0.6683937823834197,0.0,0.33160621761658027
2017_07_CAR_CHI,2017,7,True,2.5,win,0.6683937823834197,0.0,0.33160621761658027
2017_08_OAK_BUF,2017,8,False,2.5,loss,0.6867012089810017,0.0,0.31329879101899827
2017_08_CHI_NO,2017,8,True,-7.5,win,0.6967184801381693,0.0,0.3032815198618307
2017_08_CAR_TB,2017,8,False,1.5,win,0.6867012089810017,0.0,0.31329879101899827
2017_09_WAS_SEA,2017,9,True,-8.0,loss,0.6683937823834197,0.028324697754749568,0.3032815198618307
2017_09_ARI_SF,2017,9,True,2.5,loss,0.6683937823834197,0.0,0.33160621761658027
2017_09_KC_DAL,2017,9,False,2.0,loss,0.6867012089810017,0.02521588946459413,0.28808290155440414
2017_09_DET_GB,2017,9,True,2.5,loss,0.6683937823834197,0.0,0.33160621761658027
2017_10_NO_BUF,2017,10,True,2.0,loss,0.6683937823834197,0.028324697754749568,0.3032815198618307
2017_10_MIA_CAR,2017,10,True,-8.0,win,0.6683937823834197,0.028324697754749568,0.3032815198618307
2017_11_JAX_CLE,2017,11,False,-7.5,win,0.7119170984455958,0.0,0.2880829015544042
2017_11_BAL_GB,2017,11,True,2.5,loss,0.6683937823834197,0.0,0.33160621761658027
2017_11_ARI_HOU,2017,11,False,2.5,loss,0.6867012089810017,0.0,0.31329879101899827
2017_11_CIN_DEN,2017,11,False,2.5,win,0.6867012089810017,0.0,0.31329879101899827
2017_12_MIN_DET,2017,12,True,2.5,win,0.6683937823834197,0.0,0.33160621761658027
2017_12_CLE_CIN,2017,12,True,-7.5,win,0.6967184801381693,0.0,0.3032815198618307
2017_12_BUF_KC,2017,12,True,-8.5,loss,0.6967184801381693,0.0,0.3032815198618307
2017_12_NO_LA,2017,12,False,2.5,win,0.6867012089810017,0.0,0.31329879101899827
2017_12_HOU_BAL,2017,12,True,-7.5,win,0.6967184801381693,0.0,0.3032815198618307
2017_13_WAS_DAL,2017,13,True,1.5,win,0.6683937823834197,0.0,0.33160621761658027
2017_13_MIN_ATL,2017,13,False,2.0,win,0.6867012089810017,0.02521588946459413,0.28808290155440414
2017_13_DET_BAL,2017,13,False,2.5,loss,0.6867012089810017,0.0,0.31329879101899827
2017_13_NE_BUF,2017,13,False,-7.5,win,0.7119170984455958,0.0,0.2880829015544042
2017_13_SF_CHI,2017,13,False,2.5,win,0.6867012089810017,0.0,0.31329879101899827
2017_13_LA_ARI,2017,13,False,-7.5,win,0.7119170984455958,0.0,0.2880829015544042
2017_14_NO_ATL,2017,14,False,2.5,win,0.6867012089810017,0.0,0.31329879101899827
2017_14_MIN_CAR,2017,14,True,2.5,win,0.6683937823834197,0.0,0.33160621761658027
2017_14_GB_CLE,2017,14,True,2.5,win,0.6683937823834197,0.0,0.33160621761658027
2017_14_TEN_ARI,2017,14,True,2.5,win,0.6683937823834197,0.0,0.33160621761658027
2017_15_PHI_NYG,2017,15,False,-7.5,win,0.7119170984455958,0.0,0.2880829015544042
2017_15_NE_PIT,2017,15,True,2.5,win,0.6683937823834197,0.0,0.33160621761658027
2017_15_TEN_SF,2017,15,False,2.5,win,0.6867012089810017,0.0,0.31329879101899827
2017_16_MIN_GB,2017,16,False,-8.5,win,0.7119170984455958,0.0,0.2880829015544042
2017_16_LAC_NYJ,2017,16,False,-7.5,win,0.7119170984455958,0.0,0.2880829015544042
2017_16_PIT_HOU,2017,16,False,-8.0,win,0.6867012089810017,0.02521588946459413,0.28808290155440414
2017_17_GB_DET,2017,17,True,-7.5,win,0.6967184801381693,0.0,0.3032815198618307
2017_17_CIN_BAL,2017,17,True,-8.0,loss,0.6683937823834197,0.028324697754749568,0.3032815198618307
2017_17_BUF_MIA,2017,17,True,2.5,win,0.6683937823834197,0.0,0.33160621761658027
2017_17_ARI_SEA,2017,17,True,-8.0,loss,0.6683937823834197,0.028324697754749568,0.3032815198618307
2017_17_JAX_TEN,2017,17,False,2.5,win,0.6867012089810017,0.0,0.31329879101899827
2018_01_BUF_BAL,2018,1,True,-7.5,win,0.6967184801381693,0.0,0.3032815198618307
2018_01_JAX_NYG,2018,1,True,2.5,win,0.6683937823834197,0.0,0.33160621761658027
2018_01_WAS_ARI,2018,1,False,2.0,win,0.6867012089810017,0.02521588946459413,0.28808290155440414
2018_01_DAL_CAR,2018,1,False,2.5,win,0.6867012089810017,0.0,0.31329879101899827
2018_02_LAC_BUF,2018,2,False,-7.5,win,0.7119170984455958,0.0,0.2880829015544042
2018_02_MIN_GB,2018,2,True,2.0,win,0.6683937823834197,0.028324697754749568,0.3032815198618307
2018_02_NE_JAX,2018,2,True,2.0,win,0.6683937823834197,0.028324697754749568,0.3032815198618307
2018_03_NO_ATL,2018,3,False,1.5,win,0.6867012089810017,0.0,0.31329879101899827
2018_03_CIN_CAR,2018,3,False,2.5,loss,0.6867012089810017,0.0,0.31329879101899827
2018_03_GB_WAS,2018,3,True,2.5,win,0.6683937823834197,0.0,0.33160621761658027
2018_03_LAC_LA,2018,3,True,-7.5,win,0.6967184801381693,0.0,0.3032815198618307
2018_04_MIN_LA,2018,4,True,-7.5,win,0.6967184801381693,0.0,0.3032815198618307
2018_04_DET_DAL,2018,4,False,2.5,win,0.6867012089810017,0.0,0.31329879101899827
2018_04_BUF_GB,2018,4,True,-8.5,win,0.6967184801381693,0.0,0.3032815198618307
2018_04_NYJ_JAX,2018,4,True,-7.5,win,0.6967184801381693,0.0,0.3032815198618307
2018_04_CLE_OAK,2018,4,False,2.5,win,0.6867012089810017,0.0,0.31329879101899827
2018_05_LA_SEA,2018,5,False,-7.5,win,0.7119170984455958,0.0,0.2880829015544042
2018_06_PHI_NYG,2018,6,True,1.5,loss,0.6683937823834197,0.0,0.33160621761658027
2018_06_CHI_MIA,2018,6,False,-7.5,loss,0.7119170984455958,0.0,0.2880829015544042
2018_06_IND_NYJ,2018,6,False,2.5,win,0.6867012089810017,0.0,0.31329879101899827
2018_06_BAL_TEN,2018,6,True,2.5,loss,0.6683937823834197,0.0,0.33160621761658027
2018_07_NO_BAL,2018,7,False,2.5,win,0.6867012089810017,0.0,0.31329879101899827
2018_07_LA_SF,2018,7,False,-8.0,win,0.6867012089810017,0.02521588946459413,0.28808290155440414
2018_07_DAL_WAS,2018,7,True,1.5,win,0.6683937823834197,0.0,0.33160621761658027
2018_08_MIA_HOU,2018,8,True,-7.5,win,0.6967184801381693,0.0,0.3032815198618307
2018_08_BAL_CAR,2018,8,True,2.5,win,0.6683937823834197,0.0,0.33160621761658027
2018_08_NYJ_CHI,2018,8,True,-8.5,win,0.6967184801381693,0.0,0.3032815198618307
2018_08_DEN_KC,2018,8,True,-8.5,win,0.6967184801381693,0.0,0.3032815198618307
2018_08_CLE_PIT,2018,8,True,-8.5,win,0.6967184801381693,0.0,0.3032815198618307
2018_08_SF_ARI,2018,8,True,2.5,win,0.6683937823834197,0.0,0.33160621761658027
2018_08_GB_LA,2018,8,True,-7.5,win,0.6967184801381693,0.0,0.3032815198618307
2018_08_NO_MIN,2018,8,True,2.5,loss,0.6683937823834197,0.0,0.33160621761658027
2018_09_OAK_SF,2018,9,True,1.5,win,0.6683937823834197,0.0,0.33160621761658027
2018_09_PIT_BAL,2018,9,False,1.5,win,0.6867012089810017,0.0,0.31329879101899827
2018_09_KC_CLE,2018,9,False,-7.5,win,0.7119170984455958,0.0,0.2880829015544042
2018_09_ATL_WAS,2018,9,False,1.5,win,0.6867012089810017,0.0,0.31329879101899827
2018_09_LA_NO,2018,9,True,2.5,win,0.6683937823834197,0.0,0.33160621761658027
2018_10_DET_CHI,2018,10,True,-7.5,win,0.6967184801381693,0.0,0.3032815198618307
2018_10_DAL_PHI,2018,10,True,-7.5,loss,0.6967184801381693,0.0,0.3032815198618307
2018_11_TEN_IND,2018,11,False,2.0,loss,0.6867012089810017,0.02521588946459413,0.28808290155440414
2018_11_DEN_LAC,2018,11,True,-7.5,loss,0.6967184801381693,0.0,0.3032815198618307
2018_11_MIN_CHI,2018,11,False,2.5,win,0.6867012089810017,0.0,0.31329879101899827
2018_12_SF_TB,2018,12,False,1.5,loss,0.6867012089810017,0.0,0.31329879101899827
2018_13_BAL_ATL,2018,13,False,2.5,win,0.6867012089810017,0.0,0.31329879101899827
2018_14_NE_MIA,2018,14,False,-8.5,loss,0.7119170984455958,0.0,0.2880829015544042
2018_14_NO_TB,2018,14,False,-8.5,win,0.7119170984455958,0.0,0.2880829015544042
2018_14_DET_ARI,2018,14,True,2.5,loss,0.6683937823834197,0.0,0.33160621761658027
2018_15_TB_BAL,2018,15,True,-8.5,win,0.6967184801381693,0.0,0.3032815198618307
2018_15_DET_BUF,2018,15,False,2.5,win,0.6867012089810017,0.0,0.31329879101899827
2018_15_WAS_JAX,2018,15,True,-7.5,loss,0.6967184801381693,0.0,0.3032815198618307
2018_15_MIA_MIN,2018,15,True,-7.5,win,0.6967184801381693,0.0,0.3032815198618307
2018_15_TEN_NYG,2018,15,True,2.5,loss,0.6683937823834197,0.0,0.33160621761658027
2018_15_NE_PIT,2018,15,True,2.5,win,0.6683937823834197,0.0,0.33160621761658027
2018_16_ATL_CAR,2018,16,True,2.5,loss,0.6683937823834197,0.0,0.33160621761658027
2018_16_DEN_OAK,2018,16,True,2.5,win,0.6683937823834197,0.0,0.33160621761658027
2018_17_DET_GB,2018,17,True,-7.5,loss,0.6967184801381693,0.0,0.3032815198618307
2018_17_CAR_NO,2018,17,True,-8.0,loss,0.6683937823834197,0.028324697754749568,0.3032815198618307
2018_17_DAL_NYG,2018,17,True,-7.5,loss,0.6967184801381693,0.0,0.3032815198618307
2018_17_ATL_TB,2018,17,True,2.5,win,0.6683937823834197,0.0,0.33160621761658027
2019_01_LA_CAR,2019,1,True,1.5,win,0.6683937823834197,0.0,0.33160621761658027
2019_01_BUF_NYJ,2019,1,False,2.5,win,0.6867012089810017,0.0,0.31329879101899827
2019_01_DET_ARI,2019,1,True,2.5,win,0.6683937823834197,0.0,0.33160621761658027
2019_02_JAX_HOU,2019,2,True,-7.5,loss,0.6967184801381693,0.0,0.3032815198618307
2019_02_NO_LA,2019,2,False,2.0,loss,0.6867012089810017,0.02521588946459413,0.28808290155440414
2019_03_TEN_JAX,2019,3,True,1.5,win,0.6683937823834197,0.0,0.33160621761658027
2019_03_OAK_MIN,2019,3,True,-8.5,win,0.6967184801381693,0.0,0.3032815198618307
2019_03_CAR_ARI,2019,3,False,2.5,win,0.6867012089810017,0.0,0.31329879101899827
2019_04_CLE_BAL,2019,4,True,-7.5,loss,0.6967184801381693,0.0,0.3032815198618307
2019_04_KC_DET,2019,4,False,-7.5,win,0.7119170984455958,0.0,0.2880829015544042
2019_04_JAX_DEN,2019,4,False,2.5,win,0.6867012089810017,0.0,0.31329879101899827
2019_04_DAL_NO,2019,4,True,2.5,win,0.6683937823834197,0.0,0.33160621761658027
2019_05_LA_SEA,2019,5,False,1.5,win,0.6867012089810017,0.0,0.31329879101899827
2019_06_CAR_TB,2019,6,True,2.0,loss,0.6683937823834197,0.028324697754749568,0.3032815198618307
2019_06_NO_JAX,2019,6,False,2.5,win,0.6867012089810017,0.0,0.31329879101899827
2019_07_MIN_DET,2019,7,True,2.5,loss,0.6683937823834197,0.0,0.33160621761658027
2019_07_HOU_IND,2019,7,False,1.5,win,0.6867012089810017,0.0,0.31329879101899827
2019_08_SEA_ATL,2019,8,False,-7.5,win,0.7119170984455958,0.0,0.2880829015544042
2019_08_TB_TEN,2019,8,False,2.0,win,0.6867012089810017,0.02521588946459413,0.28808290155440414
2019_09_DET_OAK,2019,9,False,2.5,win,0.6867012089810017,0.0,0.31329879101899827
2019_11_DAL_DET,2019,11,False,-7.5,win,0.7119170984455958,0.0,0.2880829015544042
2019_11_JAX_IND,2019,11,False,2.5,loss,0.6867012089810017,0.0,0.31329879101899827
2019_13_NYJ_CIN,2019,13,True,2.5,win,0.6683937823834197,0.0,0.33160621761658027
2019_13_LA_ARI,2019,13,True,2.5,loss,0.6683937823834197,0.0,0.33160621761658027
2019_13_MIN_SEA,2019,13,False,2.5,win,0.6867012089810017,0.0,0.31329879101899827
2019_14_DEN_HOU,2019,14,True,-8.0,loss,0.6683937823834197,0.028324697754749568,0.3032815198618307
2019_14_PIT_ARI,2019,14,True,2.5,win,0.6683937823834197,0.0,0.33160621761658027
2019_15_IND_NO,2019,15,True,-8.0,win,0.6683937823834197,0.028324697754749568,0.3032815198618307
2019_16_JAX_ATL,2019,16,True,-7.5,win,0.6967184801381693,0.0,0.3032815198618307
2019_16_CAR_IND,2019,16,True,-7.5,win,0.6967184801381693,0.0,0.3032815198618307
2019_16_CIN_MIA,2019,16,True,1.5,win,0.6683937823834197,0.0,0.33160621761658027
2019_16_OAK_LAC,2019,16,True,-7.5,loss,0.6967184801381693,0.0,0.3032815198618307
2019_16_DAL_PHI,2019,16,True,2.0,win,0.6683937823834197,0.028324697754749568,0.3032815198618307
2019_16_ARI_SEA,2019,16,True,-8.0,loss,0.6683937823834197,0.028324697754749568,0.3032815198618307
2019_17_NYJ_BUF,2019,17,True,1.5,win,0.6683937823834197,0.0,0.33160621761658027
2019_17_CLE_CIN,2019,17,True,2.5,win,0.6683937823834197,0.0,0.33160621761658027
2019_17_PIT_BAL,2019,17,True,2.0,win,0.6683937823834197,0.028324697754749568,0.3032815198618307
2020_01_CHI_DET,2020,1,False,2.5,win,0.6867012089810017,0.0,0.31329879101899827
2020_01_MIA_NE,2020,1,True,-7.5,win,0.6967184801381693,0.0,0.3032815198618307
2020_01_LAC_CIN,2020,1,True,2.5,win,0.6683937823834197,0.0,0.33160621761658027
2020_02_LA_PHI,2020,2,False,2.0,win,0.6867012089810017,0.02521588946459413,0.28808290155440414
2020_02_CAR_TB,2020,2,True,-7.5,win,0.6967184801381693,0.0,0.3032815198618307
2020_02_WAS_ARI,2020,2,True,-7.5,win,0.6967184801381693,0.0,0.3032815198618307
2020_02_BAL_HOU,2020,2,False,-7.5,win,0.7119170984455958,0.0,0.2880829015544042
2020_02_KC_LAC,2020,2,False,-8.5,win,0.7119170984455958,0.0,0.2880829015544042
2020_03_CHI_ATL,2020,3,False,2.5,win,0.6867012089810017,0.0,0.31329879101899827
2020_03_LA_BUF,2020,3,False,1.5,win,0.6867012089810017,0.0,0.31329879101899827
2020_03_WAS_CLE,2020,3,True,-7.5,win,0.6967184801381693,0.0,0.3032815198618307
2020_04_LAC_TB,2020,4,True,-7.5,win,0.6967184801381693,0.0,0.3032815198618307
2020_04_PHI_SF,2020,4,True,-8.5,loss,0.6967184801381693,0.0,0.3032815198618307
2020_05_CAR_ATL,2020,5,False,2.5,win,0.6867012089810017,0.0,0.31329879101899827
2020_05_PHI_PIT,2020,5,True,-7.5,win,0.6967184801381693,0.0,0.3032815198618307
2020_05_MIA_SF,2020,5,True,-8.5,loss,0.6967184801381693,0.0,0.3032815198618307
2020_05_NYG_DAL,2020,5,True,-7.5,win,0.6967184801381693,0.0,0.3032815198618307
2020_06_CHI_CAR,2020,6,False,2.0,win,0.6867012089810017,0.02521588946459413,0.28808290155440414
2020_06_CIN_IND,2020,6,True,-7.5,win,0.6967184801381693,0.0,0.3032815198618307
2020_06_WAS_NYG,2020,6,False,2.0,win,0.6867012089810017,0.02521588946459413,0.28808290155440414
2020_06_LA_SF,2020,6,True,2.0,win,0.6683937823834197,0.028324697754749568,0.3032815198618307
2020_07_GB_HOU,2020,7,True,2.5,loss,0.6683937823834197,0.0,0.33160621761658027
2020_07_JAX_LAC,2020,7,True,-8.0,win,0.6683937823834197,0.028324697754749568,0.3032815198618307
2020_08_ATL_CAR,2020,8,False,1.5,win,0.6867012089810017,0.0,0.31329879101899827
2020_08_TEN_CIN,2020,8,False,-7.5,loss,0.7119170984455958,0.0,0.2880829015544042
2020_10_WAS_DET,2020,10,False,2.5,win,0.6867012089810017,0.0,0.31329879101899827
2020_11_PHI_CLE,2020,11,False,2.5,win,0.6867012089810017,0.0,0.31329879101899827
2020_11_NE_HOU,2020,11,True,2.5,win,0.6683937823834197,0.0,0.33160621761658027
2020_11_CIN_WAS,2020,11,False,2.0,loss,0.6867012089810017,0.02521588946459413,0.28808290155440414
2020_11_GB_IND,2020,11,False,1.5,win,0.6867012089810017,0.0,0.31329879101899827
2020_11_KC_LV,2020,11,False,-7.5,win,0.7119170984455958,0.0,0.2880829015544042
2020_12_WAS_DAL,2020,12,False,2.5,win,0.6867012089810017,0.0,0.31329879101899827
2020_12_CLE_JAX,2020,12,False,-7.5,win,0.7119170984455958,0.0,0.2880829015544042
2020_12_MIA_NYJ,2020,12,False,-7.5,win,0.7119170984455958,0.0,0.2880829015544042
2020_12_CHI_GB,2020,12,True,-7.5,win,0.6967184801381693,0.0,0.3032815198618307
2020_13_NO_ATL,2020,13,True,2.5,win,0.6683937823834197,0.0,0.33160621761658027
2020_13_LV_NYJ,2020,13,False,-7.5,win,0.7119170984455958,0.0,0.2880829015544042
2020_13_LA_ARI,2020,13,True,2.5,loss,0.6683937823834197,0.0,0.33160621761658027
2020_13_PHI_GB,2020,13,True,-8.0,win,0.6683937823834197,0.028324697754749568,0.3032815198618307
2020_13_NE_LAC,2020,13,False,2.5,win,0.6867012089810017,0.0,0.31329879101899827
2020_13_BUF_SF,2020,13,False,1.5,win,0.6867012089810017,0.0,0.31329879101899827
2020_13_DAL_BAL,2020,13,True,-8.5,win,0.6967184801381693,0.0,0.3032815198618307
2020_14_TEN_JAX,2020,14,False,-7.5,win,0.7119170984455958,0.0,0.2880829015544042
2020_14_KC_MIA,2020,14,False,-7.5,win,0.7119170984455958,0.0,0.2880829015544042
2020_14_IND_LV,2020,14,True,2.5,loss,0.6683937823834197,0.0,0.33160621761658027
2020_14_NO_PHI,2020,14,False,-7.5,loss,0.7119170984455958,0.0,0.2880829015544042
2020_14_PIT_BUF,2020,14,False,2.0,loss,0.6867012089810017,0.02521588946459413,0.28808290155440414
2020_15_HOU_IND,2020,15,True,-7.5,win,0.6967184801381693,0.0,0.3032815198618307
2020_15_NE_MIA,2020,15,True,1.5,win,0.6683937823834197,0.0,0.33160621761658027
2020_15_CHI_MIN,2020,15,False,2.5,win,0.6867012089810017,0.0,0.31329879101899827
2020_15_KC_NO,2020,15,True,2.5,win,0.6683937823834197,0.0,0.33160621761658027
2020_16_MIA_LV,2020,16,True,2.0,win,0.6683937823834197,0.028324697754749568,0.3032815198618307
2020_16_CIN_HOU,2020,16,True,-7.5,loss,0.6967184801381693,0.0,0.3032815198618307
2020_16_DEN_LAC,2020,16,False,2.5,win,0.6867012089810017,0.0,0.31329879101899827
2020_16_LA_SEA,2020,16,False,1.5,loss,0.6867012089810017,0.0,0.31329879101899827
2020_17_DAL_NYG,2020,17,True,1.5,win,0.6683937823834197,0.0,0.33160621761658027
2020_17_ATL_TB,2020,17,True,-7.5,win,0.6967184801381693,0.0,0.3032815198618307
2020_17_LV_DEN,2020,17,True,2.5,win,0.6683937823834197,0.0,0.33160621761658027
2021_01_ARI_TEN,2021,1,False,2.5,win,0.6867012089810017,0.0,0.31329879101899827
2021_01_LAC_WAS,2021,1,False,2.5,win,0.6867012089810017,0.0,0.31329879101899827
2021_02_CIN_CHI,2021,2,False,2.0,win,0.6867012089810017,0.02521588946459413,0.28808290155440414
2021_03_CAR_HOU,2021,3,False,-8.0,win,0.6867012089810017,0.02521588946459413,0.28808290155440414
2021_03_WAS_BUF,2021,3,True,-7.5,win,0.6967184801381693,0.0,0.3032815198618307
2021_03_CHI_CLE,2021,3,True,-7.5,win,0.6967184801381693,0.0,0.3032815198618307
2021_03_BAL_DET,2021,3,False,-7.5,win,0.7119170984455958,0.0,0.2880829015544042
2021_03_ARI_JAX,2021,3,False,-8.0,win,0.6867012089810017,0.02521588946459413,0.28808290155440414
2021_03_CIN_PIT,2021,3,False,2.5,win,0.6867012089810017,0.0,0.31329879101899827
2021_03_SEA_MIN,2021,3,True,2.0,win,0.6683937823834197,0.028324697754749568,0.3032815198618307
2021_04_JAX_CIN,2021,4,True,-7.5,win,0.6967184801381693,0.0,0.3032815198618307
2021_04_IND_MIA,2021,4,False,2.5,win,0.6867012089810017,0.0,0.31329879101899827
2021_04_NYG_NO,2021,4,True,-7.5,loss,0.6967184801381693,0.0,0.3032815198618307
2021_04_KC_PHI,2021,4,False,-7.5,win,0.7119170984455958,0.0,0.2880829015544042
2021_04_SEA_SF,2021,4,False,2.5,win,0.6867012089810017,0.0,0.31329879101899827
2021_05_LA_SEA,2021,5,True,2.5,loss,0.6683937823834197,0.0,0.33160621761658027
2021_05_PHI_CAR,2021,5,False,2.5,win,0.6867012089810017,0.0,0.31329879101899827
2021_05_GB_CIN,2021,5,True,2.0,win,0.6683937823834197,0.028324697754749568,0.3032815198618307
2021_05_NE_HOU,2021,5,False,-8.0,win,0.6867012089810017,0.02521588946459413,0.28808290155440414
2021_05_DEN_PIT,2021,5,True,2.0,win,0.6683937823834197,0.028324697754749568,0.3032815198618307
2021_05_NO_WAS,2021,5,True,2.5,loss,0.6683937823834197,0.0,0.33160621761658027
2021_05_CLE_LAC,2021,5,False,2.5,win,0.6867012089810017,0.0,0.31329879101899827
2021_05_NYG_DAL,2021,5,True,-7.5,win,0.6967184801381693,0.0,0.3032815198618307
2021_05_BUF_KC,2021,5,False,2.5,win,0.6867012089810017,0.0,0.31329879101899827
2021_05_IND_BAL,2021,5,True,-7.5,win,0.6967184801381693,0.0,0.3032815198618307
2021_06_MIA_JAX,2021,6,True,2.5,win,0.6683937823834197,0.0,0.33160621761658027
2021_06_MIN_CAR,2021,6,True,2.5,win,0.6683937823834197,0.0,0.33160621761658027
2021_06_LA_NYG,2021,6,False,-7.5,win,0.7119170984455958,0.0,0.2880829015544042
2021_07_DEN_CLE,2021,7,False,2.0,win,0.6867012089810017,0.02521588946459413,0.28808290155440414
2021_07_WAS_GB,2021,7,True,-8.5,win,0.6967184801381693,0.0,0.3032815198618307
2021_07_ATL_MIA,2021,7,True,1.5,win,0.6683937823834197,0.0,0.33160621761658027
2021_08_CAR_ATL,2021,8,False,2.5,win,0.6867012089810017,0.0,0.31329879101899827
2021_09_MIN_BAL,2021,9,True,-7.5,win,0.6967184801381693,0.0,0.3032815198618307
2021_09_CLE_CIN,2021,9,False,2.5,win,0.6867012089810017,0.0,0.31329879101899827
2021_10_BAL_MIA,2021,10,False,-8.5,loss,0.7119170984455958,0.0,0.2880829015544042
2021_10_ATL_DAL,2021,10,True,-8.0,win,0.6683937823834197,0.028324697754749568,0.3032815198618307
2021_10_CLE_NE,2021,10,False,2.5,loss,0.6867012089810017,0.0,0.31329879101899827
2021_10_KC_LV,2021,10,True,2.5,loss,0.6683937823834197,0.0,0.33160621761658027
2021_11_IND_BUF,2021,11,True,-7.5,loss,0.6967184801381693,0.0,0.3032815198618307
2021_11_NO_PHI,2021,11,False,2.5,loss,0.6867012089810017,0.0,0.31329879101899827
2021_11_DAL_KC,2021,11,False,2.5,loss,0.6867012089810017,0.0,0.31329879101899827
2021_11_ARI_SEA,2021,11,False,2.5,win,0.6867012089810017,0.0,0.31329879101899827
2021_12_CHI_DET,2021,12,True,2.0,win,0.6683937823834197,0.028324697754749568,0.3032815198618307
2021_12_ATL_JAX,2021,12,True,1.5,win,0.6683937823834197,0.0,0.33160621761658027
2021_12_TEN_NE,2021,12,True,-7.5,win,0.6967184801381693,0.0,0.3032815198618307
2021_12_LAC_DEN,2021,12,True,2.5,win,0.6683937823834197,0.0,0.33160621761658027
2021_12_LA_GB,2021,12,True,2.0,win,0.6683937823834197,0.028324697754749568,0.3032815198618307
2021_13_ARI_CHI,2021,13,False,-7.5,win,0.7119170984455958,0.0,0.2880829015544042
2021_13_LAC_CIN,2021,13,False,2.5,win,0.6867012089810017,0.0,0.31329879101899827
2021_13_DEN_KC,2021,13,True,-8.5,win,0.6967184801381693,0.0,0.3032815198618307
2021_14_ATL_CAR,2021,14,False,2.5,win,0.6867012089810017,0.0,0.31329879101899827
2021_14_JAX_TEN,2021,14,True,-8.5,win,0.6967184801381693,0.0,0.3032815198618307
2021_14_SF_CIN,2021,14,True,2.5,win,0.6683937823834197,0.0,0.33160621761658027
2021_15_SEA_LA,2021,15,True,-7.5,win,0.6967184801381693,0.0,0.3032815198618307
2021_16_CLE_GB,2021,16,True,-7.5,win,0.6967184801381693,0.0,0.3032815198618307
2021_16_DET_ATL,2021,16,True,-7.5,win,0.6967184801381693,0.0,0.3032815198618307
2021_16_BAL_CIN,2021,16,True,-7.5,win,0.6967184801381693,0.0,0.3032815198618307
2021_16_JAX_NYJ,2021,16,False,2.5,win,0.6867012089810017,0.0,0.31329879101899827
2021_17_LV_IND,2021,17,True,-8.5,loss,0.6967184801381693,0.0,0.3032815198618307
2021_17_DEN_LAC,2021,17,True,-8.0,win,0.6683937823834197,0.028324697754749568,0.3032815198618307
2021_17_DET_SEA,2021,17,True,-8.5,win,0.6967184801381693,0.0,0.3032815198618307
2022_01_CLE_CAR,2022,1,False,2.5,win,0.6867012089810017,0.0,0.31329879101899827
2022_01_PIT_CIN,2022,1,True,-7.5,loss,0.6967184801381693,0.0,0.3032815198618307
2022_01_GB_MIN,2022,1,False,2.5,loss,0.6867012089810017,0.0,0.31329879101899827
2022_01_TB_DAL,2022,1,True,2.5,loss,0.6683937823834197,0.0,0.33160621761658027
2022_02_TB_NO,2022,2,True,2.5,loss,0.6683937823834197,0.0,0.33160621761658027
2022_02_SEA_SF,2022,2,True,-8.5,win,0.6967184801381693,0.0,0.3032815198618307
2022_02_CIN_DAL,2022,2,False,-7.5,loss,0.7119170984455958,0.0,0.2880829015544042
2022_02_MIN_PHI,2022,2,False,2.5,loss,0.6867012089810017,0.0,0.31329879101899827
2022_03_NO_CAR,2022,3,True,2.0,win,0.6683937823834197,0.028324697754749568,0.3032815198618307
2022_03_BAL_NE,2022,3,True,2.5,loss,0.6683937823834197,0.0,0.33160621761658027
2022_03_LV_TEN,2022,3,True,1.5,win,0.6683937823834197,0.0,0.33160621761658027
2022_04_DEN_LV,2022,4,False,2.5,loss,0.6867012089810017,0.0,0.31329879101899827
2022_05_NYG_GB,2022,5,True,-8.5,loss,0.6967184801381693,0.0,0.3032815198618307
2022_05_LV_KC,2022,5,True,-7.5,loss,0.6967184801381693,0.0,0.3032815198618307
2022_06_NE_CLE,2022,6,False,2.5,win,0.6867012089810017,0.0,0.31329879101899827
2022_06_NYJ_GB,2022,6,True,-7.5,loss,0.6967184801381693,0.0,0.3032815198618307
2022_06_ARI_SEA,2022,6,True,2.5,win,0.6683937823834197,0.0,0.33160621761658027
2022_06_BUF_KC,2022,6,True,2.5,win,0.6683937823834197,0.0,0.33160621761658027
2022_07_NO_ARI,2022,7,False,2.5,win,0.6867012089810017,0.0,0.31329879101899827
2022_07_IND_TEN,2022,7,False,2.5,loss,0.6867012089810017,0.0,0.31329879101899827
2022_07_NYJ_DEN,2022,7,True,2.0,win,0.6683937823834197,0.028324697754749568,0.3032815198618307
2022_07_PIT_MIA,2022,7,True,-7.5,win,0.6967184801381693,0.0,0.3032815198618307
2022_08_BAL_TB,2022,8,False,2.0,win,0.6867012089810017,0.02521588946459413,0.28808290155440414
2022_09_LAC_ATL,2022,9,True,2.5,win,0.6683937823834197,0.0,0.33160621761658027
2022_09_LV_JAX,2022,9,True,2.5,win,0.6683937823834197,0.0,0.33160621761658027
2022_09_SEA_ARI,2022,9,False,1.5,win,0.6867012089810017,0.0,0.31329879101899827
2022_10_ATL_CAR,2022,10,True,2.5,win,0.6683937823834197,0.0,0.33160621761658027
2022_10_SEA_TB,2022,10,False,2.5,win,0.6867012089810017,0.0,0.31329879101899827
2022_10_DEN_TEN,2022,10,False,2.5,win,0.6867012089810017,0.0,0.31329879101899827
2022_10_LAC_SF,2022,10,True,-8.5,win,0.6967184801381693,0.0,0.3032815198618307
2022_11_CLE_BUF,2022,11,True,-7.5,win,0.6967184801381693,0.0,0.3032815198618307
2022_11_LA_NO,2022,11,False,2.5,win,0.6867012089810017,0.0,0.31329879101899827
2022_11_LV_DEN,2022,11,False,2.5,win,0.6867012089810017,0.0,0.31329879101899827
2022_11_DAL_MIN,2022,11,True,1.5,loss,0.6683937823834197,0.0,0.33160621761658027
2022_12_NE_MIN,2022,12,False,2.5,win,0.6867012089810017,0.0,0.31329879101899827
2022_12_CHI_NYJ,2022,12,True,-8.5,win,0.6967184801381693,0.0,0.3032815198618307
2022_12_LAC_ARI,2022,12,True,2.5,win,0.6683937823834197,0.0,0.33160621761658027
2022_12_PIT_IND,2022,12,False,2.5,win,0.6867012089810017,0.0,0.31329879101899827
2022_13_CLE_HOU,2022,13,False,-7.5,win,0.7119170984455958,0.0,0.2880829015544042
2022_13_WAS_NYG,2022,13,True,2.5,win,0.6683937823834197,0.0,0.33160621761658027
2022_13_KC_CIN,2022,13,True,2.5,win,0.6683937823834197,0.0,0.33160621761658027
2022_13_LAC_LV,2022,13,False,2.5,win,0.6867012089810017,0.0,0.31329879101899827
2022_14_MIN_DET,2022,14,False,2.5,loss,0.6867012089810017,0.0,0.31329879101899827
2022_14_PHI_NYG,2022,14,False,-7.5,win,0.7119170984455958,0.0,0.2880829015544042
2022_14_BAL_PIT,2022,14,False,1.5,win,0.6867012089810017,0.0,0.31329879101899827
2022_14_KC_DEN,2022,14,False,-8.5,win,0.7119170984455958,0.0,0.2880829015544042
2022_14_NE_ARI,2022,14,True,2.0,loss,0.6683937823834197,0.028324697754749568,0.3032815198618307
2022_15_BAL_CLE,2022,15,False,2.5,loss,0.6867012089810017,0.0,0.31329879101899827
2022_15_PIT_CAR,2022,15,False,2.5,win,0.6867012089810017,0.0,0.31329879101899827
2022_15_PHI_CHI,2022,15,False,-8.5,win,0.7119170984455958,0.0,0.2880829015544042
2022_15_DET_NYJ,2022,15,False,2.0,win,0.6867012089810017,0.02521588946459413,0.28808290155440414
2022_15_ARI_DEN,2022,15,False,1.5,loss,0.6867012089810017,0.0,0.31329879101899827
2022_15_LA_GB,2022,15,True,-8.0,win,0.6683937823834197,0.028324697754749568,0.3032815198618307
2022_16_JAX_NYJ,2022,16,False,2.5,win,0.6867012089810017,0.0,0.31329879101899827
2022_16_DET_CAR,2022,16,True,2.5,win,0.6683937823834197,0.0,0.33160621761658027
2022_16_BUF_CHI,2022,16,False,-8.0,win,0.6867012089810017,0.02521588946459413,0.28808290155440414
2022_16_LV_PIT,2022,16,False,2.5,win,0.6867012089810017,0.0,0.31329879101899827
2022_16_TB_ARI,2022,16,False,-7.5,win,0.7119170984455958,0.0,0.2880829015544042
2022_18_NE_BUF,2022,18,True,-8.0,win,0.6683937823834197,0.028324697754749568,0.3032815198618307
2022_18_CLE_PIT,2022,18,False,2.5,loss,0.6867012089810017,0.0,0.31329879101899827
2022_18_DAL_WAS,2022,18,False,-7.5,loss,0.7119170984455958,0.0,0.2880829015544042
2023_01_SF_PIT,2023,1,True,1.5,loss,0.6683937823834197,0.0,0.33160621761658027
2023_01_BUF_NYJ,2023,1,True,2.5,win,0.6683937823834197,0.0,0.33160621761658027
2023_02_LV_BUF,2023,2,True,-7.5,win,0.6967184801381693,0.0,0.3032815198618307
2023_02_CHI_TB,2023,2,False,2.5,loss,0.6867012089810017,0.0,0.31329879101899827
2023_02_LAC_TEN,2023,2,True,2.5,win,0.6683937823834197,0.0,0.33160621761658027
2023_02_SF_LA,2023,2,False,-7.5,win,0.7119170984455958,0.0,0.2880829015544042
2023_02_NYJ_DAL,2023,2,True,-8.5,win,0.6967184801381693,0.0,0.3032815198618307
2023_02_MIA_NE,2023,2,True,2.0,win,0.6683937823834197,0.028324697754749568,0.3032815198618307
2023_02_CLE_PIT,2023,2,True,2.5,win,0.6683937823834197,0.0,0.33160621761658027
2023_03_IND_BAL,2023,3,True,-7.5,loss,0.6967184801381693,0.0,0.3032815198618307
2023_03_NO_GB,2023,3,True,1.5,win,0.6683937823834197,0.0,0.33160621761658027
2023_03_HOU_JAX,2023,3,True,-7.5,loss,0.6967184801381693,0.0,0.3032815198618307
2023_03_NE_NYJ,2023,3,True,2.5,win,0.6683937823834197,0.0,0.33160621761658027
2023_04_DET_GB,2023,4,True,2.5,loss,0.6683937823834197,0.0,0.33160621761658027
2023_04_MIA_BUF,2023,4,False,2.5,loss,0.6867012089810017,0.0,0.31329879101899827
2023_04_BAL_CLE,2023,4,True,2.0,loss,0.6683937823834197,0.028324697754749568,0.3032815198618307
2023_04_CIN_TEN,2023,4,True,2.5,win,0.6683937823834197,0.0,0.33160621761658027
2023_04_SEA_NYG,2023,4,True,2.5,loss,0.6683937823834197,0.0,0.33160621761658027
2023_05_HOU_ATL,2023,5,False,2.5,win,0.6867012089810017,0.0,0.31329879101899827
2023_05_TEN_IND,2023,5,True,2.5,win,0.6683937823834197,0.0,0.33160621761658027
2023_05_NO_NE,2023,5,False,2.5,win,0.6867012089810017,0.0,0.31329879101899827
2023_05_NYJ_DEN,2023,5,False,2.5,win,0.6867012089810017,0.0,0.31329879101899827
2023_06_WAS_ATL,2023,6,False,1.5,win,0.6867012089810017,0.0,0.31329879101899827
2023_06_NO_HOU,2023,6,True,2.0,win,0.6683937823834197,0.028324697754749568,0.3032815198618307
2023_06_DAL_LAC,2023,6,True,1.5,win,0.6683937823834197,0.0,0.33160621761658027
2023_07_JAX_NO,2023,7,False,2.5,win,0.6867012089810017,0.0,0.31329879101899827
2023_07_LV_CHI,2023,7,True,2.5,win,0.6683937823834197,0.0,0.33160621761658027
2023_07_BUF_NE,2023,7,False,-7.5,loss,0.7119170984455958,0.0,0.2880829015544042
2023_07_GB_DEN,2023,7,False,1.5,win,0.6867012089810017,0.0,0.31329879101899827
2023_08_NO_IND,2023,8,True,2.0,loss,0.6683937823834197,0.028324697754749568,0.3032815198618307
2023_08_NE_MIA,2023,8,True,-7.5,win,0.6967184801381693,0.0,0.3032815198618307
2023_08_JAX_PIT,2023,8,True,2.5,loss,0.6683937823834197,0.0,0.33160621761658027
2023_08_ATL_TEN,2023,8,True,2.5,win,0.6683937823834197,0.0,0.33160621761658027
2023_09_TB_HOU,2023,9,False,2.5,win,0.6867012089810017,0.0,0.31329879101899827
2023_09_WAS_NE,2023,9,False,2.5,win,0.6867012089810017,0.0,0.31329879101899827
2023_09_IND_CAR,2023,9,True,1.5,loss,0.6683937823834197,0.0,0.33160621761658027
2023_09_BUF_CIN,2023,9,False,1.5,win,0.6867012089810017,0.0,0.31329879101899827
2023_10_TEN_TB,2023,10,False,2.5,loss,0.6867012089810017,0.0,0.31329879101899827
2023_10_ATL_ARI,2023,10,True,2.0,win,0.6683937823834197,0.028324697754749568,0.3032815198618307
2023_10_DET_LAC,2023,10,True,2.5,win,0.6683937823834197,0.0,0.33160621761658027
2023_10_DEN_BUF,2023,10,True,-7.5,loss,0.6967184801381693,0.0,0.3032815198618307
2023_11_PIT_CLE,2023,11,False,2.5,win,0.6867012089810017,0.0,0.31329879101899827
2023_11_CHI_DET,2023,11,True,-8.0,win,0.6683937823834197,0.028324697754749568,0.3032815198618307
2023_11_NYG_WAS,2023,11,True,-7.5,loss,0.6967184801381693,0.0,0.3032815198618307
2023_11_NYJ_BUF,2023,11,True,-8.0,win,0.6683937823834197,0.028324697754749568,0.3032815198618307
2023_11_SEA_LA,2023,11,False,2.5,win,0.6867012089810017,0.0,0.31329879101899827
2023_11_MIN_DEN,2023,11,False,2.5,win,0.6867012089810017,0.0,0.31329879101899827
2023_11_PHI_KC,2023,11,False,2.5,win,0.6867012089810017,0.0,0.31329879101899827
2023_12_GB_DET,2023,12,True,-8.5,loss,0.6967184801381693,0.0,0.3032815198618307
2023_12_NO_ATL,2023,12,True,2.0,win,0.6683937823834197,0.028324697754749568,0.3032815198618307
2023_12_PIT_CIN,2023,12,True,2.0,win,0.6683937823834197,0.028324697754749568,0.3032815198618307
2023_12_TB_IND,2023,12,False,2.5,win,0.6867012089810017,0.0,0.31329879101899827
2023_12_CLE_DEN,2023,12,False,1.5,loss,0.6867012089810017,0.0,0.31329879101899827
2023_12_BUF_PHI,2023,12,False,2.5,win,0.6867012089810017,0.0,0.31329879101899827
2023_13_ATL_NYJ,2023,13,True,2.0,win,0.6683937823834197,0.028324697754749568,0.3032815198618307
2023_13_IND_TEN,2023,13,True,1.5,win,0.6683937823834197,0.0,0.33160621761658027
2023_13_MIA_WAS,2023,13,False,-8.5,win,0.7119170984455958,0.0,0.2880829015544042
2023_14_TB_ATL,2023,14,False,1.5,win,0.6867012089810017,0.0,0.31329879101899827
2023_14_LA_BAL,2023,14,True,-7.5,win,0.6967184801381693,0.0,0.3032815198618307
2023_14_JAX_CLE,2023,14,False,2.5,win,0.6867012089810017,0.0,0.31329879101899827
2023_14_BUF_KC,2023,14,False,2.0,win,0.6867012089810017,0.02521588946459413,0.28808290155440414
2023_15_PIT_IND,2023,15,False,1.5,loss,0.6867012089810017,0.0,0.31329879101899827
2023_15_NYJ_MIA,2023,15,True,-7.5,win,0.6967184801381693,0.0,0.3032815198618307
2023_15_DAL_BUF,2023,15,False,2.0,loss,0.6867012089810017,0.02521588946459413,0.28808290155440414
2023_16_DET_MIN,2023,16,True,2.5,win,0.6683937823834197,0.0,0.33160621761658027
2023_16_JAX_TB,2023,16,True,2.0,win,0.6683937823834197,0.028324697754749568,0.3032815198618307
2023_16_DAL_MIA,2023,16,False,1.5,win,0.6867012089810017,0.0,0.31329879101899827
2023_17_NO_TB,2023,17,False,2.5,win,0.6867012089810017,0.0,0.31329879101899827
2023_17_CIN_KC,2023,17,True,-7.5,win,0.6967184801381693,0.0,0.3032815198618307
2023_18_HOU_IND,2023,18,True,1.5,win,0.6683937823834197,0.0,0.33160621761658027
2023_18_CLE_CIN,2023,18,True,-7.5,win,0.6967184801381693,0.0,0.3032815198618307
2023_18_NYJ_NE,2023,18,False,2.5,win,0.6867012089810017,0.0,0.31329879101899827
2023_18_SEA_ARI,2023,18,True,2.5,win,0.6683937823834197,0.0,0.33160621761658027
2023_18_CHI_GB,2023,18,False,2.5,win,0.6867012089810017,0.0,0.31329879101899827
2023_18_BUF_MIA,2023,18,True,2.5,win,0.6683937823834197,0.0,0.33160621761658027
2024_01_GB_PHI,2024,1,False,2.0,win,0.6867012089810017,0.02521588946459413,0.28808290155440414
2024_01_NE_CIN,2024,1,True,-8.0,loss,0.6683937823834197,0.028324697754749568,0.3032815198618307
2024_01_DAL_CLE,2024,1,False,2.5,win,0.6867012089810017,0.0,0.31329879101899827
2024_02_BUF_MIA,2024,2,False,2.5,win,0.6867012089810017,0.0,0.31329879101899827
2024_02_TB_DET,2024,2,True,-7.5,loss,0.6967184801381693,0.0,0.3032815198618307
2024_02_NYG_WAS,2024,2,False,1.5,win,0.6867012089810017,0.0,0.31329879101899827
2024_03_CHI_IND,2024,3,False,1.5,win,0.6867012089810017,0.0,0.31329879101899827
2024_03_HOU_MIN,2024,3,True,2.0,win,0.6683937823834197,0.028324697754749568,0.3032815198618307
2024_03_PHI_NO,2024,3,False,2.5,win,0.6867012089810017,0.0,0.31329879101899827
2024_03_BAL_DAL,2024,3,True,1.5,win,0.6683937823834197,0.0,0.33160621761658027
2024_03_WAS_CIN,2024,3,True,-7.5,loss,0.6967184801381693,0.0,0.3032815198618307
2024_04_NO_ATL,2024,4,False,2.5,win,0.6867012089810017,0.0,0.31329879101899827
2024_04_MIN_GB,2024,4,False,2.5,win,0.6867012089810017,0.0,0.31329879101899827
2024_04_PIT_IND,2024,4,True,2.5,win,0.6683937823834197,0.0,0.33160621761658027
2024_04_DEN_NYJ,2024,4,True,-7.5,loss,0.6967184801381693,0.0,0.3032815198618307
2024_04_KC_LAC,2024,4,False,-7.5,win,0.7119170984455958,0.0,0.2880829015544042
2024_04_CLE_LV,2024,4,True,2.5,win,0.6683937823834197,0.0,0.33160621761658027
2024_04_BUF_BAL,2024,4,False,2.5,loss,0.6867012089810017,0.0,0.31329879101899827
2024_04_TEN_MIA,2024,4,False,2.5,win,0.6867012089810017,0.0,0.31329879101899827
2024_05_TB_ATL,2024,5,False,2.5,win,0.6867012089810017,0.0,0.31329879101899827
2024_05_NYJ_MIN,2024,5,False,2.5,win,0.6867012089810017,0.0,0.31329879101899827
2024_05_BAL_CIN,2024,5,True,2.5,win,0.6683937823834197,0.0,0.33160621761658027
2024_05_MIA_NE,2024,5,True,2.0,win,0.6683937823834197,0.028324697754749568,0.3032815198618307
2024_05_DAL_PIT,2024,5,False,2.5,win,0.6867012089810017,0.0,0.31329879101899827
2024_06_JAX_CHI,2024,6,True,1.5,win,0.6683937823834197,0.0,0.33160621761658027
2024_06_CLE_PHI,2024,6,True,-8.0,win,0.6683937823834197,0.028324697754749568,0.3032815198618307
2024_06_IND_TEN,2024,6,False,2.5,win,0.6867012089810017,0.0,0.31329879101899827
2024_07_DEN_NO,2024,7,True,2.5,loss,0.6683937823834197,0.0,0.33160621761658027
2024_07_KC_SF,2024,7,False,2.5,win,0.6867012089810017,0.0,0.31329879101899827
2024_08_PHI_CIN,2024,8,False,2.5,win,0.6867012089810017,0.0,0.31329879101899827
2024_08_BAL_CLE,2024,8,False,-7.5,loss,0.7119170984455958,0.0,0.2880829015544042
2024_08_ATL_TB,2024,8,True,1.5,win,0.6683937823834197,0.0,0.33160621761658027
2024_08_CHI_WAS,2024,8,False,1.5,win,0.6867012089810017,0.0,0.31329879101899827
2024_09_HOU_NYJ,2024,9,False,2.5,win,0.6867012089810017,0.0,0.31329879101899827
2024_09_LV_CIN,2024,9,True,-8.0,win,0.6683937823834197,0.028324697754749568,0.3032815198618307
2024_09_LAC_CLE,2024,9,True,2.0,loss,0.6683937823834197,0.028324697754749568,0.3032815198618307
2024_09_CHI_ARI,2024,9,False,1.5,loss,0.6867012089810017,0.0,0.31329879101899827
2024_09_JAX_PHI,2024,9,True,-7.5,win,0.6967184801381693,0.0,0.3032815198618307
2024_09_DET_GB,2024,9,True,2.5,loss,0.6683937823834197,0.0,0.33160621761658027
2024_09_LA_SEA,2024,9,True,1.5,win,0.6683937823834197,0.0,0.33160621761658027
2024_10_DEN_KC,2024,10,True,-7.5,win,0.6967184801381693,0.0,0.3032815198618307
2024_10_PIT_WAS,2024,10,False,1.5,win,0.6867012089810017,0.0,0.31329879101899827
2024_10_TEN_LAC,2024,10,True,-8.0,win,0.6683937823834197,0.028324697754749568,0.3032815198618307
2024_10_NYJ_ARI,2024,10,True,2.0,win,0.6683937823834197,0.028324697754749568,0.3032815198618307
2024_10_PHI_DAL,2024,10,False,-7.5,win,0.7119170984455958,0.0,0.2880829015544042
2024_10_MIA_LA,2024,10,False,2.5,win,0.6867012089810017,0.0,0.31329879101899827
2024_11_LV_MIA,2024,11,True,-8.0,win,0.6683937823834197,0.028324697754749568,0.3032815198618307
2024_11_ATL_DEN,2024,11,False,2.0,loss,0.6867012089810017,0.02521588946459413,0.28808290155440414
2024_11_KC_BUF,2024,11,False,2.5,loss,0.6867012089810017,0.0,0.31329879101899827
2024_11_HOU_DAL,2024,11,False,-7.5,win,0.7119170984455958,0.0,0.2880829015544042
2024_12_TEN_HOU,2024,12,True,-8.0,loss,0.6683937823834197,0.028324697754749568,0.3032815198618307
2024_12_NE_MIA,2024,12,True,-7.5,win,0.6967184801381693,0.0,0.3032815198618307
2024_13_IND_NE,2024,13,True,2.5,win,0.6683937823834197,0.0,0.33160621761658027
2024_13_LA_NO,2024,13,True,2.5,win,0.6683937823834197,0.0,0.33160621761658027
2024_15_DAL_CAR,2024,15,False,2.5,win,0.6867012089810017,0.0,0.31329879101899827
2024_15_MIA_HOU,2024,15,False,2.5,win,0.6867012089810017,0.0,0.31329879101899827
2024_15_WAS_NO,2024,15,False,-7.5,loss,0.7119170984455958,0.0,0.2880829015544042
2024_15_BUF_DET,2024,15,False,2.5,win,0.6867012089810017,0.0,0.31329879101899827
2024_16_MIN_SEA,2024,16,True,2.5,win,0.6683937823834197,0.0,0.33160621761658027
2024_16_JAX_LV,2024,16,False,2.5,win,0.6867012089810017,0.0,0.31329879101899827
2024_16_SF_MIA,2024,16,True,2.0,win,0.6683937823834197,0.028324697754749568,0.3032815198618307
2024_17_LV_NO,2024,17,True,2.0,loss,0.6683937823834197,0.028324697754749568,0.3032815198618307
2024_17_IND_NYG,2024,17,False,-7.5,loss,0.7119170984455958,0.0,0.2880829015544042
2024_17_DAL_PHI,2024,17,True,-7.5,win,0.6967184801381693,0.0,0.3032815198618307
2024_18_CIN_PIT,2024,18,True,2.5,win,0.6683937823834197,0.0,0.33160621761658027
2024_18_CAR_ATL,2024,18,True,-7.5,loss,0.6967184801381693,0.0,0.3032815198618307
2024_18_HOU_TEN,2024,18,False,2.5,win,0.6867012089810017,0.0,0.31329879101899827
2024_18_SEA_LA,2024,18,False,-7.5,win,0.7119170984455958,0.0,0.2880829015544042
2024_18_MIA_NYJ,2024,18,False,1.5,loss,0.6867012089810017,0.0,0.31329879101899827
2025_01_DAL_PHI,2025,1,True,-8.5,win,0.6967184801381693,0.0,0.3032815198618307
2025_01_TB_ATL,2025,1,True,1.5,win,0.6683937823834197,0.0,0.33160621761658027
2025_01_MIA_IND,2025,1,False,1.5,loss,0.6867012089810017,0.0,0.31329879101899827
2025_01_LV_NE,2025,1,False,2.5,win,0.6867012089810017,0.0,0.31329879101899827
2025_01_TEN_DEN,2025,1,True,-8.5,win,0.6967184801381693,0.0,0.3032815198618307
2025_01_SF_SEA,2025,1,True,2.5,win,0.6683937823834197,0.0,0.33160621761658027
2025_01_DET_GB,2025,1,False,1.5,loss,0.6867012089810017,0.0,0.31329879101899827
2025_01_BAL_BUF,2025,1,True,1.5,win,0.6683937823834197,0.0,0.33160621761658027
2025_01_MIN_CHI,2025,1,True,1.5,win,0.6683937823834197,0.0,0.33160621761658027
2025_02_NE_MIA,2025,2,False,1.5,win,0.6867012089810017,0.0,0.31329879101899827
2025_02_DEN_IND,2025,2,True,2.5,win,0.6683937823834197,0.0,0.33160621761658027
2025_02_PHI_KC,2025,2,True,1.5,win,0.6683937823834197,0.0,0.33160621761658027
2025_02_TB_HOU,2025,2,False,2.5,win,0.6867012089810017,0.0,0.31329879101899827
2025_03_GB_CLE,2025,3,False,-8.5,loss,0.7119170984455958,0.0,0.2880829015544042
2025_03_HOU_JAX,2025,3,False,1.5,win,0.6867012089810017,0.0,0.31329879101899827
2025_03_PIT_NE,2025,3,True,1.5,win,0.6683937823834197,0.0,0.33160621761658027
2025_03_LV_WAS,2025,3,False,2.5,loss,0.6867012089810017,0.0,0.31329879101899827
2025_03_DEN_LAC,2025,3,False,2.5,win,0.6867012089810017,0.0,0.31329879101899827
2025_03_NO_SEA,2025,3,True,-7.5,win,0.6967184801381693,0.0,0.3032815198618307
2025_03_DAL_CHI,2025,3,True,1.5,win,0.6683937823834197,0.0,0.33160621761658027
2025_03_ARI_SF,2025,3,False,1.5,win,0.6867012089810017,0.0,0.31329879101899827
2025_04_SEA_ARI,2025,4,True,1.5,win,0.6683937823834197,0.0,0.33160621761658027
2025_04_MIN_PIT,2025,4,True,2.5,win,0.6683937823834197,0.0,0.33160621761658027
2025_04_WAS_ATL,2025,4,False,2.5,win,0.6867012089810017,0.0,0.31329879101899827
2025_04_TEN_HOU,2025,4,True,-7.5,win,0.6967184801381693,0.0,0.3032815198618307
2025_04_BAL_KC,2025,4,True,2.5,win,0.6683937823834197,0.0,0.33160621761658027
2025_04_CHI_LV,2025,4,False,1.5,win,0.6867012089810017,0.0,0.31329879101899827
2025_04_NYJ_MIA,2025,4,False,2.5,win,0.6867012089810017,0.0,0.31329879101899827
2025_04_CIN_DEN,2025,4,True,-7.5,win,0.6967184801381693,0.0,0.3032815198618307
2025_05_SF_LA,2025,5,True,-8.5,loss,0.6967184801381693,0.0,0.3032815198618307
2025_05_HOU_BAL,2025,5,True,2.5,loss,0.6683937823834197,0.0,0.33160621761658027
2025_05_MIA_CAR,2025,5,True,1.5,win,0.6683937823834197,0.0,0.33160621761658027
2025_05_NYG_NO,2025,5,False,1.5,loss,0.6867012089810017,0.0,0.31329879101899827
2025_05_DAL_NYJ,2025,5,False,1.5,win,0.6867012089810017,0.0,0.31329879101899827
2025_05_TEN_ARI,2025,5,True,-7.5,loss,0.6967184801381693,0.0,0.3032815198618307
2025_05_WAS_LAC,2025,5,False,2.5,win,0.6867012089810017,0.0,0.31329879101899827
2025_05_NE_BUF,2025,5,True,-7.5,loss,0.6967184801381693,0.0,0.3032815198618307
2025_06_DEN_NYJ,2025,6,False,-7.5,win,0.7119170984455958,0.0,0.2880829015544042
2025_06_ARI_IND,2025,6,True,-8.5,win,0.6967184801381693,0.0,0.3032815198618307
2025_06_SEA_JAX,2025,6,True,1.5,loss,0.6683937823834197,0.0,0.33160621761658027
2025_06_DET_KC,2025,6,False,2.5,loss,0.6867012089810017,0.0,0.31329879101899827
2025_07_MIA_CLE,2025,7,False,2.5,loss,0.6867012089810017,0.0,0.31329879101899827
2025_07_PHI_MIN,2025,7,True,2.5,win,0.6683937823834197,0.0,0.33160621761658027
2025_07_CAR_NYJ,2025,7,False,1.5,win,0.6867012089810017,0.0,0.31329879101899827
2025_07_NYG_DEN,2025,7,True,-7.5,loss,0.6967184801381693,0.0,0.3032815198618307
2025_07_IND_LAC,2025,7,False,2.5,win,0.6867012089810017,0.0,0.31329879101899827
2025_07_WAS_DAL,2025,7,False,1.5,loss,0.6867012089810017,0.0,0.31329879101899827
2025_07_ATL_SF,2025,7,False,1.5,loss,0.6867012089810017,0.0,0.31329879101899827
2025_08_CHI_BAL,2025,8,False,2.5,loss,0.6867012089810017,0.0,0.31329879101899827
2025_08_SF_HOU,2025,8,False,2.5,loss,0.6867012089810017,0.0,0.31329879101899827
2025_09_BAL_MIA,2025,9,False,-7.5,win,0.7119170984455958,0.0,0.2880829015544042
2025_09_DEN_HOU,2025,9,False,1.5,win,0.6867012089810017,0.0,0.31329879101899827
2025_09_SF_NYG,2025,9,True,2.5,loss,0.6683937823834197,0.0,0.33160621761658027
2025_09_JAX_LV,2025,9,True,2.5,win,0.6683937823834197,0.0,0.33160621761658027
2025_09_KC_BUF,2025,9,True,2.5,win,0.6683937823834197,0.0,0.33160621761658027
2025_09_SEA_WAS,2025,9,True,2.5,loss,0.6683937823834197,0.0,0.33160621761658027
2025_10_JAX_HOU,2025,10,True,1.5,win,0.6683937823834197,0.0,0.33160621761658027
2025_10_BUF_MIA,2025,10,False,-8.5,loss,0.7119170984455958,0.0,0.2880829015544042
2025_10_CLE_NYJ,2025,10,True,1.5,win,0.6683937823834197,0.0,0.33160621761658027
2025_10_NE_TB,2025,10,False,2.5,win,0.6867012089810017,0.0,0.31329879101899827
2025_10_DET_WAS,2025,10,False,-8.5,win,0.7119170984455958,0.0,0.2880829015544042
2025_10_PHI_GB,2025,10,False,1.5,win,0.6867012089810017,0.0,0.31329879101899827
2025_11_WAS_MIA,2025,11,False,2.5,win,0.6867012089810017,0.0,0.31329879101899827
2025_11_GB_NYG,2025,11,False,-7.5,win,0.7119170984455958,0.0,0.2880829015544042
2025_11_BAL_CLE,2025,11,False,-7.5,win,0.7119170984455958,0.0,0.2880829015544042
2025_11_DET_PHI,2025,11,False,2.5,win,0.6867012089810017,0.0,0.31329879101899827
2025_12_NE_CIN,2025,12,False,-7.5,win,0.7119170984455958,0.0,0.2880829015544042
2025_12_JAX_ARI,2025,12,True,2.5,win,0.6683937823834197,0.0,0.33160621761658027
2025_12_ATL_NO,2025,12,False,1.5,win,0.6867012089810017,0.0,0.31329879101899827
2025_12_CAR_SF,2025,12,True,-7.5,win,0.6967184801381693,0.0,0.3032815198618307
2025_13_GB_DET,2025,13,False,2.5,win,0.6867012089810017,0.0,0.31329879101899827
2025_14_IND_JAX,2025,14,True,2.5,win,0.6683937823834197,0.0,0.33160621761658027
2025_14_WAS_MIN,2025,14,True,1.5,win,0.6683937823834197,0.0,0.33160621761658027
2025_14_MIA_NYJ,2025,14,True,2.5,loss,0.6683937823834197,0.0,0.33160621761658027
2025_14_NO_TB,2025,14,True,-7.5,loss,0.6967184801381693,0.0,0.3032815198618307
2025_14_DEN_LV,2025,14,False,-8.5,win,0.7119170984455958,0.0,0.2880829015544042
2025_14_PHI_LAC,2025,14,True,1.5,win,0.6683937823834197,0.0,0.33160621761658027
2025_15_CLE_CHI,2025,15,True,-7.5,win,0.6967184801381693,0.0,0.3032815198618307
2025_15_BAL_CIN,2025,15,True,2.5,loss,0.6683937823834197,0.0,0.33160621761658027
2025_15_BUF_NE,2025,15,True,2.5,win,0.6683937823834197,0.0,0.33160621761658027
2025_15_WAS_NYG,2025,15,False,2.5,win,0.6867012089810017,0.0,0.31329879101899827
2025_15_GB_DEN,2025,15,True,1.5,win,0.6683937823834197,0.0,0.33160621761658027
2025_15_CAR_NO,2025,15,True,2.5,win,0.6683937823834197,0.0,0.33160621761658027
2025_16_LA_SEA,2025,16,False,1.5,win,0.6867012089810017,0.0,0.31329879101899827
2025_16_GB_CHI,2025,16,False,1.5,win,0.6867012089810017,0.0,0.31329879101899827
2025_16_LAC_DAL,2025,16,False,1.5,win,0.6867012089810017,0.0,0.31329879101899827
2025_16_MIN_NYG,2025,16,True,2.5,win,0.6683937823834197,0.0,0.33160621761658027
2025_16_ATL_ARI,2025,16,True,2.5,win,0.6683937823834197,0.0,0.33160621761658027
2025_16_PIT_DET,2025,16,True,-7.5,loss,0.6967184801381693,0.0,0.3032815198618307
2025_17_DAL_WAS,2025,17,False,-8.5,win,0.7119170984455958,0.0,0.2880829015544042
2025_17_HOU_LAC,2025,17,False,1.5,win,0.6867012089810017,0.0,0.31329879101899827
2025_17_BAL_GB,2025,17,False,2.5,win,0.6867012089810017,0.0,0.31329879101899827
2025_17_NO_TEN,2025,17,True,1.5,loss,0.6683937823834197,0.0,0.33160621761658027
2025_17_LA_ATL,2025,17,False,-7.5,loss,0.7119170984455958,0.0,0.2880829015544042
2025_18_SEA_SF,2025,18,True,2.5,loss,0.6683937823834197,0.0,0.33160621761658027
